{"image":{"src":"assets/world.svg","baseWidth":1954,"baseHeight":963.0095465393795,"displayWidth":1954,"displayHeight":963.0095465393795},"x":0,"y":161.99522673031026,"drag":false,"draw":false,"dragStart":{"x":0,"y":0},"scale":1}