{"image":{"src":"assets/world.svg","baseWidth":1985,"baseHeight":978.2875894988067,"displayWidth":1829.3760000000002,"displayHeight":901.5898424821004},"x":-136,"y":196,"drag":false,"draw":false,"dragStart":{"x":-1835.5,"y":-705.1437947494034},"scale":0.9216000000000001}